ip,name
94.102.49.193,
94.102.49.190,
93.174.95.106,
89.248.172.7,
89.248.172.16,
89.248.167.131,
82.221.105.7,
82.221.105.6,
80.82.77.33,
80.82.77.139,
71.6.199.23,
71.6.167.142,
71.6.167.125,
71.6.165.200,
71.6.158.166,
71.6.150.153,
71.6.147.254,
71.6.147.198,
71.6.146.186,
71.6.146.185,
71.6.146.130,
71.6.135.131,
66.240.236.119,
66.240.219.146,
66.240.219.133,
66.240.205.34,
66.240.192.138,
64.227.90.185,
64.226.86.7,
64.225.74.178,
216.117.2.180,
198.20.99.134,
198.20.99.133,
198.20.99.132,
198.20.99.131,
198.20.99.130,
198.20.87.99,
198.20.87.98,
198.20.87.96,
198.20.87.103,
198.20.87.102,
198.20.87.101,
198.20.87.100,
198.20.70.118,
198.20.70.117,
198.20.70.116,
198.20.70.115,
198.20.70.114,
198.20.69.99,
198.20.69.98,
198.20.69.102,
198.20.69.101,
198.20.69.100,
195.144.21.56,
185.181.102.18,
185.165.190.34,
185.165.190.17,
185.163.109.66,
185.142.239.16,
185.142.236.43,
185.142.236.41,
185.142.236.40,
185.142.236.36,
185.142.236.35,
185.142.236.34,
178.128.32.203,
167.172.219.157,
165.227.62.247,
165.227.55.4,
164.92.106.15,
159.89.124.112,
159.203.176.62,
147.182.241.81,
147.182.225.86,
147.182.202.179,
143.198.68.20,
143.198.50.234,
143.198.238.87,
143.198.225.197,
143.110.239.2,
137.184.95.216,
137.184.94.133,
137.184.9.17,
137.184.190.246,
137.184.190.205,
137.184.190.194,
137.184.190.188,
137.184.180.190,
137.184.13.100,
137.184.112.192,
137.184.112.103,
134.209.95.237,
104.236.198.48,
